{"cameraMode":{"drawMode":0,"name":"Shaded","section":"Shading Mode"},"sceneLighting":true,"audioPlay":false,"sceneViewState":{"showFog":true,"showMaterialUpdate":false,"showSkybox":true,"showFlares":true,"showImageEffects":true,"showParticleSystems":true},"in2DMode":false,"pivot":{"x":2.682689666748047,"y":3.0286483764648439,"z":5.595264434814453},"rotation":{"x":0.3077188730239868,"y":0.024259336292743684,"z":-0.007848023436963559,"w":0.9511416554450989},"size":48.122413635253909,"orthographic":false}